,id_starname,teff,teff_err,logg,logg_err,feh,feh_err,parallax,parallax_err,kmag,kmag_err,ra,dec,band,dust,cks_sprov
43,KIC2989404,5935.1,100,-99,-99,-0.158,0.06,0.0022231178686462037,3.138327726119213e-05,11.354,0.02,291.38229877579886,38.12745954865918,kmag,green19,cks1
132,KIC4150804,5468.8,100,-99,-99,0.159,0.06,0.002887553959834808,2.0763964616104073e-05,11.309,0.02,289.79175610285586,39.28526553087817,kmag,green19,cks1
