,id_starname,teff,teff_err,logg,logg_err,feh,feh_err,parallax,parallax_err,kmag,kmag_err,ra,dec,band,dust,cks_sprov
57,KIC2989404,5910.0,60,-99,-99,-0.25,0.12,-99,-99,11.354,0.02,291.38229877579886,38.12745954865918,kmag,green19,smemp
94,KIC3426367,3498.0,60,-99,-99,0.05,0.12,-99,-99,11.023,0.018,285.9287514346354,38.520709732203436,kmag,green19,smemp
174,KIC4150804,5437.0,60,-99,-99,0.14,0.12,-99,-99,11.309,0.02,289.79175610285586,39.28526553087817,kmag,green19,smemp
891,KIC8653134,4916.0,60,-99,-99,0.12,0.12,-99,-99,11.636,0.025,300.43100764154644,44.751012863457916,kmag,green19,smemp
1087,KIC9575728,3967.0,60,-99,-99,0.01,0.12,-99,-99,11.179,0.019,285.63620837235464,46.24692833405869,kmag,green19,smemp
1386,KIC10990886,3688.0,60,-99,-99,0.21,0.12,-99,-99,10.963,0.021,298.10613147960333,48.40164477632785,kmag,green19,smemp
1488,KIC11453592,3501.0,60,-99,-99,0.01,0.12,-99,-99,10.726,0.023,290.9564462888553,49.366793338735036,kmag,green19,smemp
1629,KIC12506770,4189.0,60,-99,-99,-0.06,0.12,-99,-99,13.387,0.039,289.2906978208966,51.40899360746354,kmag,green19,smemp
