,id_starname,teff,teff_err,logg,logg_err,feh,feh_err,parallax,parallax_err,kmag,kmag_err,ra,dec,band,dust,cks_sprov
536,KIC6697756,4463.84903454,100,-99,-99,-0.5564816992080001,0.06,0.004955513443899626,1.6773880555756756e-05,11.47,0.013999999999999999,293.6084289025083,42.197874633062774,kmag,green19,smsyn
724,KIC7871954,4438.13901835,100,-99,-99,-0.589303749123,0.06,0.004792014406494607,2.108406410043068e-05,11.595999999999998,0.019,283.13547421251104,43.65670359267685,kmag,green19,smsyn
1036,KIC9388479,4924.01236061,100,-99,-99,-0.6875820941699999,0.06,0.005744202225436298,2.7746535429643102e-05,11.720999999999998,0.018,283.73172743288615,45.95852882211771,kmag,green19,smsyn
1265,KIC10395543,4478.4661992,100,-99,-99,0.052091073981099995,0.06,0.003978171719406209,1.5847648357128388e-05,11.61,0.013,287.6911699778456,47.54660426876821,kmag,green19,smsyn
