,id_starname,teff,teff_err,logg,logg_err,feh,feh_err,parallax,parallax_err,kmag,kmag_err,ra,dec,band,dust,cks_sprov
43,KIC2989404,5935.1,100,4.336,0.1,-0.158,0.06,-99,-99,11.354,0.02,291.38229877579886,38.12745954865918,kmag,green19,cks1
132,KIC4150804,5468.8,100,4.453,0.1,0.159,0.06,-99,-99,11.309,0.02,289.79175610285586,39.28526553087817,kmag,green19,cks1
